model,scheme,fold,metric,value
global_mean,random,0,rmse_log,0.5985054190349224
global_mean,random,0,mae_log,0.44294971770560293
global_mean,random,0,r2,-1.9937802229197388e-06
global_mean,random,0,medape_pct,33.974870196774646
global_mean,random,0,mae_price_gbp,376280.92238563567
global_mean,random,0,duan_smearing,1.265030771817207
global_median,random,0,rmse_log,0.6021277960612712
global_median,random,0,mae_log,0.4385397273121924
global_median,random,0,r2,-0.01214339180358226
global_median,random,0,medape_pct,32.264516129032245
global_median,random,0,mae_price_gbp,376280.9223856357
global_median,random,0,duan_smearing,1.3524192356826292
spatial_knn,random,0,rmse_log,0.3709605212243778
spatial_knn,random,0,mae_log,0.2515337188368485
spatial_knn,random,0,r2,0.615832980581966
spatial_knn,random,0,medape_pct,16.216216216216218
spatial_knn,random,0,mae_price_gbp,209459.02958470554
spatial_knn,random,0,duan_smearing,1.0376739343734376
ridge_no_spatial,random,0,rmse_log,0.4162928734990722
ridge_no_spatial,random,0,mae_log,0.3046553752854709
ridge_no_spatial,random,0,r2,0.516203586529477
ridge_no_spatial,random,0,medape_pct,23.18259229355934
ridge_no_spatial,random,0,mae_price_gbp,258196.08125153443
ridge_no_spatial,random,0,duan_smearing,1.106013816330739
ridge_spatial,random,0,rmse_log,0.36851479138296817
ridge_spatial,random,0,mae_log,0.2661334044345242
ridge_spatial,random,0,r2,0.6208818815719003
ridge_spatial,random,0,medape_pct,19.74689127420654
ridge_spatial,random,0,mae_price_gbp,223914.77802148406
ridge_spatial,random,0,duan_smearing,1.0764187382362196
lasso_spatial,random,0,rmse_log,0.36873821802960083
lasso_spatial,random,0,mae_log,0.2660824294603475
lasso_spatial,random,0,r2,0.6204220315481703
lasso_spatial,random,0,medape_pct,19.736149588937028
lasso_spatial,random,0,mae_price_gbp,223919.54163841062
lasso_spatial,random,0,duan_smearing,1.0766475327961516
lightgbm,random,0,rmse_log,0.3269987515412163
lightgbm,random,0,mae_log,0.23525318714080248
lightgbm,random,0,r2,0.7014913770347655
lightgbm,random,0,medape_pct,17.172720975956707
lightgbm,random,0,mae_price_gbp,193463.462581316
lightgbm,random,0,duan_smearing,1.0546536415529164
global_mean,random,1,rmse_log,0.6000301827955642
global_mean,random,1,mae_log,0.4426041546913291
global_mean,random,1,r2,-1.7913133441016527e-06
global_mean,random,1,medape_pct,33.60607839341718
global_mean,random,1,mae_price_gbp,379340.5220354652
global_mean,random,1,duan_smearing,1.2633463896167343
global_median,random,1,rmse_log,0.6042149136481303
global_median,random,1,mae_log,0.43841749988719675
global_median,random,1,r2,-0.013998857032564205
global_median,random,1,medape_pct,32.07792207792213
global_median,random,1,mae_price_gbp,379340.5220354652
global_median,random,1,duan_smearing,1.3552074641544196
spatial_knn,random,1,rmse_log,0.37059072053747816
spatial_knn,random,1,mae_log,0.25224860297901075
spatial_knn,random,1,r2,0.6185446895826001
spatial_knn,random,1,medape_pct,16.39789476334949
spatial_knn,random,1,mae_price_gbp,210216.25909382192
spatial_knn,random,1,duan_smearing,1.0369704470060719
ridge_no_spatial,random,1,rmse_log,0.4184548080292596
ridge_no_spatial,random,1,mae_log,0.3051883842853744
ridge_no_spatial,random,1,r2,0.5136468772489429
ridge_no_spatial,random,1,medape_pct,23.198458497070174
ridge_no_spatial,random,1,mae_price_gbp,262451.34040353826
ridge_no_spatial,random,1,duan_smearing,1.1052090842678801
ridge_spatial,random,1,rmse_log,0.37169578132702885
ridge_spatial,random,1,mae_log,0.2675668973755874
ridge_spatial,random,1,r2,0.6162663822040214
ridge_spatial,random,1,medape_pct,19.72577436314716
ridge_spatial,random,1,mae_price_gbp,228826.4855140976
ridge_spatial,random,1,duan_smearing,1.0758570122829323
lasso_spatial,random,1,rmse_log,0.372065477112065
lasso_spatial,random,1,mae_log,0.26767241904791816
lasso_spatial,random,1,r2,0.6155026648906233
lasso_spatial,random,1,medape_pct,19.723221452019757
lasso_spatial,random,1,mae_price_gbp,228956.6005214153
lasso_spatial,random,1,duan_smearing,1.0760847807081146
lightgbm,random,1,rmse_log,0.33010703620806403
lightgbm,random,1,mae_log,0.236771452929817
lightgbm,random,1,r2,0.6973336447253855
lightgbm,random,1,medape_pct,17.18990802028113
lightgbm,random,1,mae_price_gbp,197896.60252707472
lightgbm,random,1,duan_smearing,1.0546029002158235
global_mean,random,2,rmse_log,0.5985727419211762
global_mean,random,2,mae_log,0.4421329881960838
global_mean,random,2,r2,-4.1834514137306655e-06
global_mean,random,2,medape_pct,33.807507081190465
global_mean,random,2,mae_price_gbp,377239.0282302617
global_mean,random,2,duan_smearing,1.2644619219599618
global_median,random,2,rmse_log,0.602852042441296
global_median,random,2,mae_log,0.4380623790631229
global_median,random,2,r2,-0.014353701620245074
global_median,random,2,medape_pct,32.103896103896076
global_median,random,2,mae_price_gbp,377239.02823026164
global_median,random,2,duan_smearing,1.3568087045922832
spatial_knn,random,2,rmse_log,0.369379196699848
spatial_knn,random,2,mae_log,0.25036471509311176
spatial_knn,random,2,r2,0.6191860841905954
spatial_knn,random,2,medape_pct,16.13096965573965
spatial_knn,random,2,mae_price_gbp,209786.83244782127
spatial_knn,random,2,duan_smearing,1.0376761473572365
ridge_no_spatial,random,2,rmse_log,0.4167636138130094
ridge_no_spatial,random,2,mae_log,0.3048248495345367
ridge_no_spatial,random,2,r2,0.515216828520618
ridge_no_spatial,random,2,medape_pct,23.234528017088515
ridge_no_spatial,random,2,mae_price_gbp,259728.75523135593
ridge_no_spatial,random,2,duan_smearing,1.105881750069911
ridge_spatial,random,2,rmse_log,0.3696162259752382
ridge_spatial,random,2,mae_log,0.2669986256845588
ridge_spatial,random,2,r2,0.6186971935958717
ridge_spatial,random,2,medape_pct,19.689913986713744
ridge_spatial,random,2,mae_price_gbp,225658.07081781924
ridge_spatial,random,2,duan_smearing,1.076365940962564
lasso_spatial,random,2,rmse_log,0.36993681823705804
lasso_spatial,random,2,mae_log,0.266963899497597
lasso_spatial,random,2,r2,0.6180354491425977
lasso_spatial,random,2,medape_pct,19.71195635429502
lasso_spatial,random,2,mae_price_gbp,225764.31469024403
lasso_spatial,random,2,duan_smearing,1.0765907292856578
lightgbm,random,2,rmse_log,0.3268586175461378
lightgbm,random,2,mae_log,0.23544353065007492
lightgbm,random,2,r2,0.701813605240115
lightgbm,random,2,medape_pct,17.212205484923732
lightgbm,random,2,mae_price_gbp,194634.56721301
lightgbm,random,2,duan_smearing,1.0545845358496007
global_mean,random,3,rmse_log,0.5980765748250416
global_mean,random,3,mae_log,0.44196379881983316
global_mean,random,3,r2,-2.7097518717988933e-05
global_mean,random,3,medape_pct,33.94491213795482
global_mean,random,3,mae_price_gbp,377312.9675831148
global_mean,random,3,duan_smearing,1.2641551849045165
global_median,random,3,rmse_log,0.6017654223756921
global_median,random,3,mae_log,0.43758318972441096
global_median,random,3,r2,-0.012401178381930444
global_median,random,3,medape_pct,31.99233766233768
global_median,random,3,mae_price_gbp,377312.9675831148
global_median,random,3,duan_smearing,1.35542976514504
spatial_knn,random,3,rmse_log,0.3715912098445044
spatial_knn,random,3,mae_log,0.251631923158288
spatial_knn,random,3,r2,0.6139628975883379
spatial_knn,random,3,medape_pct,16.184724905142485
spatial_knn,random,3,mae_price_gbp,209183.02838812128
spatial_knn,random,3,duan_smearing,1.0374580513083744
ridge_no_spatial,random,3,rmse_log,0.41763193793331954
ridge_no_spatial,random,3,mae_log,0.30522405191396756
ridge_no_spatial,random,3,r2,0.5123754191396312
ridge_no_spatial,random,3,medape_pct,23.152636348931242
ridge_no_spatial,random,3,mae_price_gbp,259568.79680432097
ridge_no_spatial,random,3,duan_smearing,1.1057414780047632
ridge_spatial,random,3,rmse_log,0.36955449633137105
ridge_spatial,random,3,mae_log,0.2663530341726734
ridge_spatial,random,3,r2,0.6181830848750696
ridge_spatial,random,3,medape_pct,19.697806405169345
ridge_spatial,random,3,mae_price_gbp,225781.973018954
ridge_spatial,random,3,duan_smearing,1.0763856185120748
lasso_spatial,random,3,rmse_log,0.3698342920193591
lasso_spatial,random,3,mae_log,0.2663143852301725
lasso_spatial,random,3,r2,0.6176047064808168
lasso_spatial,random,3,medape_pct,19.745466784862888
lasso_spatial,random,3,mae_price_gbp,225817.98693791303
lasso_spatial,random,3,duan_smearing,1.0766051535930894
lightgbm,random,3,rmse_log,0.3294965270853585
lightgbm,random,3,mae_log,0.23658757783633108
lightgbm,random,3,r2,0.6964712271693944
lightgbm,random,3,medape_pct,17.25271060246989
lightgbm,random,3,mae_price_gbp,195671.1701989368
lightgbm,random,3,duan_smearing,1.054406347016874
global_mean,random,4,rmse_log,0.602355255961638
global_mean,random,4,mae_log,0.4434272273879922
global_mean,random,4,r2,-1.0277051342377774e-05
global_mean,random,4,medape_pct,34.01151835060813
global_mean,random,4,mae_price_gbp,383863.52861836256
global_mean,random,4,duan_smearing,1.2614393008092475
global_median,random,4,rmse_log,0.6065061329237115
global_median,random,4,mae_log,0.4392838544178656
global_median,random,4,r2,-0.013840061832840922
global_median,random,4,medape_pct,32.183873250012255
global_median,random,4,mae_price_gbp,383863.52861836244
global_median,random,4,duan_smearing,1.3514598150794852
spatial_knn,random,4,rmse_log,0.3707971012589094
spatial_knn,random,4,mae_log,0.2514002863068067
spatial_knn,random,4,r2,0.6210588964631172
spatial_knn,random,4,medape_pct,16.27830312586071
spatial_knn,random,4,mae_price_gbp,211405.25681595935
spatial_knn,random,4,duan_smearing,1.037599130390325
ridge_no_spatial,random,4,rmse_log,0.4220129774318057
ridge_no_spatial,random,4,mae_log,0.30729129653939824
ridge_no_spatial,random,4,r2,0.5091478841792981
ridge_no_spatial,random,4,medape_pct,23.288903806053717
ridge_no_spatial,random,4,mae_price_gbp,267978.6789919866
ridge_no_spatial,random,4,duan_smearing,1.104554898374829
ridge_spatial,random,4,rmse_log,0.373367596799054
ridge_spatial,random,4,mae_log,0.2678497064232369
ridge_spatial,random,4,r2,0.6157867802664299
ridge_spatial,random,4,medape_pct,19.68032710813794
ridge_spatial,random,4,mae_price_gbp,233364.78473767263
ridge_spatial,random,4,duan_smearing,1.0757300825795062
lasso_spatial,random,4,rmse_log,0.37366133387503336
lasso_spatial,random,4,mae_log,0.2678596024574886
lasso_spatial,random,4,r2,0.6151820032982259
lasso_spatial,random,4,medape_pct,19.66533377597915
lasso_spatial,random,4,mae_price_gbp,233432.37677271443
lasso_spatial,random,4,duan_smearing,1.0759469936973787
lightgbm,random,4,rmse_log,0.32933250505510736
lightgbm,random,4,mae_log,0.23604326370964784
lightgbm,random,4,r2,0.7010708618244678
lightgbm,random,4,medape_pct,17.154773313923922
lightgbm,random,4,mae_price_gbp,200764.06410860652
lightgbm,random,4,duan_smearing,1.0547306420537252
global_mean,spatial,0,rmse_log,0.49733550502004403
global_mean,spatial,0,mae_log,0.38680622689662963
global_mean,spatial,0,r2,-0.10872441738109662
global_mean,spatial,0,medape_pct,33.25163710049967
global_mean,spatial,0,mae_price_gbp,297249.92641467374
global_mean,spatial,0,duan_smearing,1.287759643487738
global_median,spatial,0,rmse_log,0.4774992334181792
global_median,spatial,0,mae_log,0.3670446343041647
global_median,spatial,0,r2,-0.022045051503466917
global_median,spatial,0,medape_pct,29.333333333333368
global_median,spatial,0,mae_price_gbp,297249.92641467374
global_median,spatial,0,duan_smearing,1.402864311875205
spatial_knn,spatial,0,rmse_log,0.6853117339629394
spatial_knn,spatial,0,mae_log,0.5087134944818061
spatial_knn,spatial,0,r2,-1.1052371163332593
spatial_knn,spatial,0,medape_pct,36.70059089143769
spatial_knn,spatial,0,mae_price_gbp,368492.9129095711
spatial_knn,spatial,0,duan_smearing,1.0406231658429415
ridge_no_spatial,spatial,0,rmse_log,0.3483007690735631
ridge_no_spatial,spatial,0,mae_log,0.26178844114299166
ridge_no_spatial,spatial,0,r2,0.45620707959390194
ridge_no_spatial,spatial,0,medape_pct,20.559147793563305
ridge_no_spatial,spatial,0,mae_price_gbp,157907.90202645285
ridge_no_spatial,spatial,0,duan_smearing,1.1148513862765412
ridge_spatial,spatial,0,rmse_log,0.37321751649528295
ridge_spatial,spatial,0,mae_log,0.28846987771614363
ridge_spatial,spatial,0,r2,0.375620379166567
ridge_spatial,spatial,0,medape_pct,24.579920231307007
ridge_spatial,spatial,0,mae_price_gbp,187719.3206923333
ridge_spatial,spatial,0,duan_smearing,1.0811219763331026
lasso_spatial,spatial,0,rmse_log,0.37658273229120215
lasso_spatial,spatial,0,mae_log,0.2918481623203133
lasso_spatial,spatial,0,r2,0.36430984329697536
lasso_spatial,spatial,0,medape_pct,25.010502478707707
lasso_spatial,spatial,0,mae_price_gbp,190259.92564835848
lasso_spatial,spatial,0,duan_smearing,1.08135744357973
lightgbm,spatial,0,rmse_log,0.363763247987168
lightgbm,spatial,0,mae_log,0.27687486147663326
lightgbm,spatial,0,r2,0.40685302435893966
lightgbm,spatial,0,medape_pct,22.784529149919866
lightgbm,spatial,0,mae_price_gbp,171129.6870835416
lightgbm,spatial,0,duan_smearing,1.0567404657567818
global_mean,spatial,1,rmse_log,0.5708623466242972
global_mean,spatial,1,mae_log,0.4246773222180685
global_mean,spatial,1,r2,-0.0016861976511952648
global_mean,spatial,1,medape_pct,32.578335255504804
global_mean,spatial,1,mae_price_gbp,346021.91338666994
global_mean,spatial,1,duan_smearing,1.2730932141382973
global_median,spatial,1,rmse_log,0.5728390604511109
global_median,spatial,1,mae_log,0.42004485565664934
global_median,spatial,1,r2,-0.00863524623915568
global_median,spatial,1,medape_pct,30.58510638297878
global_median,spatial,1,mae_price_gbp,346021.9133866699
global_median,spatial,1,duan_smearing,1.3742039474349153
spatial_knn,spatial,1,rmse_log,0.8047738038505783
spatial_knn,spatial,1,mae_log,0.6466033104269538
spatial_knn,spatial,1,r2,-0.9907492247175038
spatial_knn,spatial,1,medape_pct,55.438876203452494
spatial_knn,spatial,1,mae_price_gbp,546358.426286693
spatial_knn,spatial,1,duan_smearing,1.0412135959287852
ridge_no_spatial,spatial,1,rmse_log,0.4464294455838998
ridge_no_spatial,spatial,1,mae_log,0.34768483257951593
ridge_no_spatial,spatial,1,r2,0.38740343552328693
ridge_no_spatial,spatial,1,medape_pct,31.56219722590138
ridge_no_spatial,spatial,1,mae_price_gbp,294912.00928930205
ridge_no_spatial,spatial,1,duan_smearing,1.1062862378549958
ridge_spatial,spatial,1,rmse_log,0.4103539151250111
ridge_spatial,spatial,1,mae_log,0.30654647666856333
ridge_spatial,spatial,1,r2,0.4824097874162002
ridge_spatial,spatial,1,medape_pct,25.01925704719778
ridge_spatial,spatial,1,mae_price_gbp,240258.9854286427
ridge_spatial,spatial,1,duan_smearing,1.0784403233237079
lasso_spatial,spatial,1,rmse_log,0.4083977917678706
lasso_spatial,spatial,1,mae_log,0.3035015194048826
lasso_spatial,spatial,1,r2,0.48733264588400915
lasso_spatial,spatial,1,medape_pct,24.523412224950274
lasso_spatial,spatial,1,mae_price_gbp,237011.4286424253
lasso_spatial,spatial,1,duan_smearing,1.0786654861710492
lightgbm,spatial,1,rmse_log,0.3905809601267967
lightgbm,spatial,1,mae_log,0.2858981931818083
lightgbm,spatial,1,r2,0.5310883421280882
lightgbm,spatial,1,medape_pct,21.29403914946052
lightgbm,spatial,1,mae_price_gbp,213838.20294988985
lightgbm,spatial,1,duan_smearing,1.0548659029952203
global_mean,spatial,2,rmse_log,0.6550138749343971
global_mean,spatial,2,mae_log,0.46780621284974955
global_mean,spatial,2,r2,-0.08806976123969168
global_mean,spatial,2,medape_pct,32.25348213516753
global_mean,spatial,2,mae_price_gbp,420510.12621147325
global_mean,spatial,2,duan_smearing,1.2446960123007194
global_median,spatial,2,rmse_log,0.6778153377408828
global_median,spatial,2,mae_log,0.4825741569163513
global_median,spatial,2,r2,-0.1651411091172208
global_median,spatial,2,medape_pct,31.9727891156463
global_median,spatial,2,mae_price_gbp,420510.12621147325
global_median,spatial,2,duan_smearing,1.333384592794873
spatial_knn,spatial,2,rmse_log,0.8513170089584209
spatial_knn,spatial,2,mae_log,0.623118729736489
spatial_knn,spatial,2,r2,-0.8379697643064459
spatial_knn,spatial,2,medape_pct,43.57913658477342
spatial_knn,spatial,2,mae_price_gbp,823100.5821256728
spatial_knn,spatial,2,duan_smearing,1.0378055750329636
ridge_no_spatial,spatial,2,rmse_log,0.4945121417989807
ridge_no_spatial,spatial,2,mae_log,0.35826041076854603
ridge_no_spatial,spatial,2,r2,0.37983156158017195
ridge_no_spatial,spatial,2,medape_pct,25.650740274185154
ridge_no_spatial,spatial,2,mae_price_gbp,355522.3061700857
ridge_no_spatial,spatial,2,duan_smearing,1.0933672441380953
ridge_spatial,spatial,2,rmse_log,0.48978322626662474
ridge_spatial,spatial,2,mae_log,0.3486472578154014
ridge_spatial,spatial,2,r2,0.3916359295722317
ridge_spatial,spatial,2,medape_pct,24.711101526307516
ridge_spatial,spatial,2,mae_price_gbp,336187.1812349255
ridge_spatial,spatial,2,duan_smearing,1.0676249031740859
lasso_spatial,spatial,2,rmse_log,0.4937021523359999
lasso_spatial,spatial,2,mae_log,0.35092684822291154
lasso_spatial,spatial,2,r2,0.38186151579428274
lasso_spatial,spatial,2,medape_pct,24.57148439288375
lasso_spatial,spatial,2,mae_price_gbp,336374.0433579258
lasso_spatial,spatial,2,duan_smearing,1.0678899357809768
lightgbm,spatial,2,rmse_log,0.5073431211440149
lightgbm,spatial,2,mae_log,0.3607973438151693
lightgbm,spatial,2,r2,0.3472313415316449
lightgbm,spatial,2,medape_pct,24.767325631101613
lightgbm,spatial,2,mae_price_gbp,338177.57577140915
lightgbm,spatial,2,duan_smearing,1.0467581858807964
global_mean,spatial,3,rmse_log,0.6822483363448846
global_mean,spatial,3,mae_log,0.49799006847602756
global_mean,spatial,3,r2,-0.049390135368906574
global_mean,spatial,3,medape_pct,35.81006501794283
global_mean,spatial,3,mae_price_gbp,449440.01058494
global_mean,spatial,3,duan_smearing,1.2276011315329498
global_median,spatial,3,rmse_log,0.6975914124392626
global_median,spatial,3,mae_log,0.5055688127552084
global_median,spatial,3,r2,-0.0971203181067779
global_median,spatial,3,medape_pct,35.466666666666654
global_median,spatial,3,mae_price_gbp,449440.01058494
global_median,spatial,3,duan_smearing,1.302914843058411
spatial_knn,spatial,3,rmse_log,0.7148122938428699
spatial_knn,spatial,3,mae_log,0.5641635834820873
spatial_knn,spatial,3,r2,-0.1519563766109555
spatial_knn,spatial,3,medape_pct,46.026068680781385
spatial_knn,spatial,3,mae_price_gbp,540849.7416691765
spatial_knn,spatial,3,duan_smearing,1.03613895909043
ridge_no_spatial,spatial,3,rmse_log,0.476165641984827
ridge_no_spatial,spatial,3,mae_log,0.348428748290682
ridge_no_spatial,spatial,3,r2,0.4888267515186231
ridge_no_spatial,spatial,3,medape_pct,26.981635522175086
ridge_no_spatial,spatial,3,mae_price_gbp,350136.3761522488
ridge_no_spatial,spatial,3,duan_smearing,1.0934832731461996
ridge_spatial,spatial,3,rmse_log,0.5164104311570362
ridge_spatial,spatial,3,mae_log,0.37127591348740663
ridge_spatial,spatial,3,r2,0.3987680947155392
ridge_spatial,spatial,3,medape_pct,27.37897831851092
ridge_spatial,spatial,3,mae_price_gbp,359149.3625706983
ridge_spatial,spatial,3,duan_smearing,1.0700965804750853
lasso_spatial,spatial,3,rmse_log,0.5171671379364515
lasso_spatial,spatial,3,mae_log,0.37256449345453774
lasso_spatial,spatial,3,r2,0.3970048089272544
lasso_spatial,spatial,3,medape_pct,27.598248692531325
lasso_spatial,spatial,3,mae_price_gbp,360355.8782381766
lasso_spatial,spatial,3,duan_smearing,1.0702868687386269
lightgbm,spatial,3,rmse_log,0.498902100129843
lightgbm,spatial,3,mae_log,0.35633776294295627
lightgbm,spatial,3,r2,0.43884521446957336
lightgbm,spatial,3,medape_pct,25.537920198409413
lightgbm,spatial,3,mae_price_gbp,345266.3917041696
lightgbm,spatial,3,duan_smearing,1.0494406106214536
global_mean,spatial,4,rmse_log,0.5407347876561804
global_mean,spatial,4,mae_log,0.43528619472565366
global_mean,spatial,4,r2,-0.7465101773210838
global_mean,spatial,4,medape_pct,42.09014232379239
global_mean,spatial,4,mae_price_gbp,329634.1260954794
global_mean,spatial,4,duan_smearing,1.2721298961873884
global_median,spatial,4,rmse_log,0.49692687723662404
global_median,spatial,4,mae_log,0.38927831150989567
global_median,spatial,4,r2,-0.47498455929240646
global_median,spatial,4,medape_pct,34.56790123456796
global_median,spatial,4,mae_price_gbp,329634.1260954794
global_median,spatial,4,duan_smearing,1.366457479220005
spatial_knn,spatial,4,rmse_log,0.499410243162666
spatial_knn,spatial,4,mae_log,0.39023559368872596
spatial_knn,spatial,4,r2,-0.489763711739885
spatial_knn,spatial,4,medape_pct,31.761368843742627
spatial_knn,spatial,4,mae_price_gbp,186115.8292376517
spatial_knn,spatial,4,duan_smearing,1.0428007273043265
ridge_no_spatial,spatial,4,rmse_log,0.37613004214068113
ridge_no_spatial,spatial,4,mae_log,0.29338969507352924
ridge_no_spatial,spatial,4,r2,0.15495751246791267
ridge_no_spatial,spatial,4,medape_pct,22.614902621861035
ridge_no_spatial,spatial,4,mae_price_gbp,118823.81069642586
ridge_no_spatial,spatial,4,duan_smearing,1.1093083621773925
ridge_spatial,spatial,4,rmse_log,0.3961930388456449
ridge_spatial,spatial,4,mae_log,0.32133888212084205
ridge_spatial,spatial,4,r2,0.06240306004861018
ridge_spatial,spatial,4,medape_pct,30.851455532654647
ridge_spatial,spatial,4,mae_price_gbp,182303.6052872977
ridge_spatial,spatial,4,duan_smearing,1.081089103616924
lasso_spatial,spatial,4,rmse_log,0.4009054911150471
lasso_spatial,spatial,4,mae_log,0.3260435011243148
lasso_spatial,spatial,4,r2,0.03996623133144128
lasso_spatial,spatial,4,medape_pct,31.586090846452564
lasso_spatial,spatial,4,mae_price_gbp,185252.7742727263
lasso_spatial,spatial,4,duan_smearing,1.0813499013906547
lightgbm,spatial,4,rmse_log,0.3672843103074686
lightgbm,spatial,4,mae_log,0.29023184627693704
lightgbm,spatial,4,r2,0.19423712639178314
lightgbm,spatial,4,medape_pct,26.36038661219905
lightgbm,spatial,4,mae_price_gbp,157119.95297758654
lightgbm,spatial,4,duan_smearing,1.0581038149402953
global_mean,spatial_buffered,0,rmse_log,0.5001907840145331
global_mean,spatial_buffered,0,mae_log,0.3895688927328298
global_mean,spatial_buffered,0,r2,-0.12149167385571058
global_mean,spatial_buffered,0,medape_pct,33.91477783820067
global_mean,spatial_buffered,0,mae_price_gbp,303517.14718867664
global_mean,spatial_buffered,0,duan_smearing,1.2926232509337512
global_median,spatial_buffered,0,rmse_log,0.4789683266267838
global_median,spatial_buffered,0,mae_log,0.368610288396952
global_median,spatial_buffered,0,r2,-0.028343655122549105
global_median,spatial_buffered,0,medape_pct,30.065359477124215
global_median,spatial_buffered,0,mae_price_gbp,303517.14718867664
global_median,spatial_buffered,0,duan_smearing,1.407459619301298
spatial_knn,spatial_buffered,0,rmse_log,0.5655585275633149
spatial_knn,spatial_buffered,0,mae_log,0.43825463484962257
spatial_knn,spatial_buffered,0,r2,-0.43377100239126776
spatial_knn,spatial_buffered,0,medape_pct,32.80592154300592
spatial_knn,spatial_buffered,0,mae_price_gbp,228799.17335159113
spatial_knn,spatial_buffered,0,duan_smearing,1.0407863662832073
ridge_no_spatial,spatial_buffered,0,rmse_log,0.349087192625904
ridge_no_spatial,spatial_buffered,0,mae_log,0.26244504495813026
ridge_no_spatial,spatial_buffered,0,r2,0.4537486620850768
ridge_no_spatial,spatial_buffered,0,medape_pct,20.68377713927871
ridge_no_spatial,spatial_buffered,0,mae_price_gbp,160705.65509284864
ridge_no_spatial,spatial_buffered,0,duan_smearing,1.1157179029002466
ridge_spatial,spatial_buffered,0,rmse_log,0.38158933503033154
ridge_spatial,spatial_buffered,0,mae_log,0.2959772328421073
ridge_spatial,spatial_buffered,0,r2,0.3472947006213749
ridge_spatial,spatial_buffered,0,medape_pct,25.672362307584063
ridge_spatial,spatial_buffered,0,mae_price_gbp,194067.82388035278
ridge_spatial,spatial_buffered,0,duan_smearing,1.0815811231752301
lasso_spatial,spatial_buffered,0,rmse_log,0.3860355341052898
lasso_spatial,spatial_buffered,0,mae_log,0.3005349075117527
lasso_spatial,spatial_buffered,0,r2,0.33199571548295115
lasso_spatial,spatial_buffered,0,medape_pct,26.328344050900853
lasso_spatial,spatial_buffered,0,mae_price_gbp,197598.75330690728
lasso_spatial,spatial_buffered,0,duan_smearing,1.0818083121826718
lightgbm,spatial_buffered,0,rmse_log,0.3818755767304223
lightgbm,spatial_buffered,0,mae_log,0.2925435390347218
lightgbm,spatial_buffered,0,r2,0.34631510537924326
lightgbm,spatial_buffered,0,medape_pct,24.458929940704987
lightgbm,spatial_buffered,0,mae_price_gbp,181468.1217670563
lightgbm,spatial_buffered,0,duan_smearing,1.0569307588533998
global_mean,spatial_buffered,1,rmse_log,0.5704535434003665
global_mean,spatial_buffered,1,mae_log,0.4230001236455124
global_mean,spatial_buffered,1,r2,-0.00025206584179682245
global_mean,spatial_buffered,1,medape_pct,32.24312366373546
global_mean,spatial_buffered,1,mae_price_gbp,337924.18723535986
global_mean,spatial_buffered,1,duan_smearing,1.2599248828973784
global_median,spatial_buffered,1,rmse_log,0.5738096439092522
global_median,spatial_buffered,1,mae_log,0.42024279366774997
global_median,spatial_buffered,1,r2,-0.01205608152040094
global_median,spatial_buffered,1,medape_pct,30.974632843791678
global_median,spatial_buffered,1,mae_price_gbp,337924.1872353599
global_median,spatial_buffered,1,duan_smearing,1.3535568448805888
spatial_knn,spatial_buffered,1,rmse_log,0.8742985472597499
spatial_knn,spatial_buffered,1,mae_log,0.7114328971931649
spatial_knn,spatial_buffered,1,r2,-1.3495700971067937
spatial_knn,spatial_buffered,1,medape_pct,75.57491210647883
spatial_knn,spatial_buffered,1,mae_price_gbp,668373.7416069033
spatial_knn,spatial_buffered,1,duan_smearing,1.040323150286828
ridge_no_spatial,spatial_buffered,1,rmse_log,0.4382515576130695
ridge_no_spatial,spatial_buffered,1,mae_log,0.33891429848570453
ridge_no_spatial,spatial_buffered,1,r2,0.40964148803227085
ridge_no_spatial,spatial_buffered,1,medape_pct,30.165053928438873
ridge_no_spatial,spatial_buffered,1,mae_price_gbp,284095.92746579146
ridge_no_spatial,spatial_buffered,1,duan_smearing,1.102345351764599
ridge_spatial,spatial_buffered,1,rmse_log,0.42355418208673495
ridge_spatial,spatial_buffered,1,mae_log,0.31047673216308647
ridge_spatial,spatial_buffered,1,r2,0.4485745056028977
ridge_spatial,spatial_buffered,1,medape_pct,24.690540330728357
ridge_spatial,spatial_buffered,1,mae_price_gbp,243228.21148039863
ridge_spatial,spatial_buffered,1,duan_smearing,1.075908934916229
lasso_spatial,spatial_buffered,1,rmse_log,0.4220606732484423
lasso_spatial,spatial_buffered,1,mae_log,0.30765987892450136
lasso_spatial,spatial_buffered,1,r2,0.45245644984921096
lasso_spatial,spatial_buffered,1,medape_pct,24.175187210072764
lasso_spatial,spatial_buffered,1,mae_price_gbp,240144.32738708457
lasso_spatial,spatial_buffered,1,duan_smearing,1.0761349024755695
lightgbm,spatial_buffered,1,rmse_log,0.4013336093394462
lightgbm,spatial_buffered,1,mae_log,0.2902826378850308
lightgbm,spatial_buffered,1,r2,0.5049147877637401
lightgbm,spatial_buffered,1,medape_pct,21.832992355966002
lightgbm,spatial_buffered,1,mae_price_gbp,220516.87219144346
lightgbm,spatial_buffered,1,duan_smearing,1.052847268781274
global_mean,spatial_buffered,2,rmse_log,0.658387916030111
global_mean,spatial_buffered,2,mae_log,0.4697299817507084
global_mean,spatial_buffered,2,r2,-0.09930814126981735
global_mean,spatial_buffered,2,medape_pct,32.371159317471374
global_mean,spatial_buffered,2,mae_price_gbp,417261.00305494864
global_mean,spatial_buffered,2,duan_smearing,1.2224726462532634
global_median,spatial_buffered,2,rmse_log,0.6778153377408828
global_median,spatial_buffered,2,mae_log,0.4825741569163513
global_median,spatial_buffered,2,r2,-0.1651411091172208
global_median,spatial_buffered,2,medape_pct,31.9727891156463
global_median,spatial_buffered,2,mae_price_gbp,417261.00305494864
global_median,spatial_buffered,2,duan_smearing,1.2945609713475335
spatial_knn,spatial_buffered,2,rmse_log,0.955076022914013
spatial_knn,spatial_buffered,2,mae_log,0.7180713229506688
spatial_knn,spatial_buffered,2,r2,-1.3132982338472052
spatial_knn,spatial_buffered,2,medape_pct,47.457324024531125
spatial_knn,spatial_buffered,2,mae_price_gbp,900184.144304815
spatial_knn,spatial_buffered,2,duan_smearing,1.037443150575067
ridge_no_spatial,spatial_buffered,2,rmse_log,0.4943271820432198
ridge_no_spatial,spatial_buffered,2,mae_log,0.3581151240124482
ridge_no_spatial,spatial_buffered,2,r2,0.38029539145098945
ridge_no_spatial,spatial_buffered,2,medape_pct,25.714346128550076
ridge_no_spatial,spatial_buffered,2,mae_price_gbp,355791.1753532618
ridge_no_spatial,spatial_buffered,2,duan_smearing,1.0854658406779616
ridge_spatial,spatial_buffered,2,rmse_log,0.4944179117582234
ridge_spatial,spatial_buffered,2,mae_log,0.35123289642260125
ridge_spatial,spatial_buffered,2,r2,0.38006788714032436
ridge_spatial,spatial_buffered,2,medape_pct,24.726481251049425
ridge_spatial,spatial_buffered,2,mae_price_gbp,338990.60014669725
ridge_spatial,spatial_buffered,2,duan_smearing,1.0636519778051956
lasso_spatial,spatial_buffered,2,rmse_log,0.4994528154035803
lasso_spatial,spatial_buffered,2,mae_log,0.354227317611501
lasso_spatial,spatial_buffered,2,r2,0.36737744349719714
lasso_spatial,spatial_buffered,2,medape_pct,24.5782384340052
lasso_spatial,spatial_buffered,2,mae_price_gbp,339178.7976758465
lasso_spatial,spatial_buffered,2,duan_smearing,1.0639288282719166
lightgbm,spatial_buffered,2,rmse_log,0.4984946095194507
lightgbm,spatial_buffered,2,mae_log,0.3545082093402232
lightgbm,spatial_buffered,2,r2,0.36980250209432797
lightgbm,spatial_buffered,2,medape_pct,24.32338004690751
lightgbm,spatial_buffered,2,mae_price_gbp,336198.10007658944
lightgbm,spatial_buffered,2,duan_smearing,1.0440743708683695
global_mean,spatial_buffered,3,rmse_log,0.6852827666690803
global_mean,spatial_buffered,3,mae_log,0.4992393724717388
global_mean,spatial_buffered,3,r2,-0.0587456221438043
global_mean,spatial_buffered,3,medape_pct,35.52103677897858
global_mean,spatial_buffered,3,mae_price_gbp,445554.8628450716
global_mean,spatial_buffered,3,duan_smearing,1.20561314594476
global_median,spatial_buffered,3,rmse_log,0.7009073004997383
global_median,spatial_buffered,3,mae_log,0.5074732418673243
global_median,spatial_buffered,3,r2,-0.10757507500470176
global_median,spatial_buffered,3,medape_pct,35.161290322580605
global_median,spatial_buffered,3,mae_price_gbp,445554.8628450716
global_median,spatial_buffered,3,duan_smearing,1.2763512942011992
spatial_knn,spatial_buffered,3,rmse_log,0.7413187276845602
spatial_knn,spatial_buffered,3,mae_log,0.5929147927123914
spatial_knn,spatial_buffered,3,r2,-0.23897330777222647
spatial_knn,spatial_buffered,3,medape_pct,52.05610089038532
spatial_knn,spatial_buffered,3,mae_price_gbp,563492.0355200235
spatial_knn,spatial_buffered,3,duan_smearing,1.0344625059774977
ridge_no_spatial,spatial_buffered,3,rmse_log,0.4812616571376198
ridge_no_spatial,spatial_buffered,3,mae_log,0.35061987076032186
ridge_no_spatial,spatial_buffered,3,r2,0.47782685691964366
ridge_no_spatial,spatial_buffered,3,medape_pct,26.904749599721832
ridge_no_spatial,spatial_buffered,3,mae_price_gbp,350052.3383567242
ridge_no_spatial,spatial_buffered,3,duan_smearing,1.0863193527168309
ridge_spatial,spatial_buffered,3,rmse_log,0.5256131627645005
ridge_spatial,spatial_buffered,3,mae_log,0.3758722789636949
ridge_spatial,spatial_buffered,3,r2,0.3771485613706389
ridge_spatial,spatial_buffered,3,medape_pct,27.410466669463307
ridge_spatial,spatial_buffered,3,mae_price_gbp,363538.84096660465
ridge_spatial,spatial_buffered,3,duan_smearing,1.0661616869106683
lasso_spatial,spatial_buffered,3,rmse_log,0.5258535585566331
lasso_spatial,spatial_buffered,3,mae_log,0.37704872851919835
lasso_spatial,spatial_buffered,3,r2,0.3765786932005577
lasso_spatial,spatial_buffered,3,medape_pct,27.666811626665744
lasso_spatial,spatial_buffered,3,mae_price_gbp,364737.4867114885
lasso_spatial,spatial_buffered,3,duan_smearing,1.0663455920795495
lightgbm,spatial_buffered,3,rmse_log,0.5107684201213094
lightgbm,spatial_buffered,3,mae_log,0.3657692918104655
lightgbm,spatial_buffered,3,r2,0.41183377440536817
lightgbm,spatial_buffered,3,medape_pct,26.08587571783495
lightgbm,spatial_buffered,3,mae_price_gbp,354067.07569594315
lightgbm,spatial_buffered,3,duan_smearing,1.0466823584890175
global_mean,spatial_buffered,4,rmse_log,0.5462707332944873
global_mean,spatial_buffered,4,mae_log,0.4411203701900151
global_mean,spatial_buffered,4,r2,-0.7824541492668213
global_mean,spatial_buffered,4,medape_pct,43.11659952776639
global_mean,spatial_buffered,4,mae_price_gbp,337087.6154613441
global_mean,spatial_buffered,4,duan_smearing,1.2758845948657023
global_median,spatial_buffered,4,rmse_log,0.5021656284985875
global_median,spatial_buffered,4,mae_log,0.3947183661484864
global_median,spatial_buffered,4,r2,-0.5062479429122624
global_median,spatial_buffered,4,medape_pct,35.802469135802504
global_median,spatial_buffered,4,mae_price_gbp,337087.61546134413
global_median,spatial_buffered,4,duan_smearing,1.3695019845528087
spatial_knn,spatial_buffered,4,rmse_log,0.4580700683963208
spatial_knn,spatial_buffered,4,mae_log,0.34818693382492205
spatial_knn,spatial_buffered,4,r2,-0.2533325802443023
spatial_knn,spatial_buffered,4,medape_pct,26.945212271925516
spatial_knn,spatial_buffered,4,mae_price_gbp,160268.73343302403
spatial_knn,spatial_buffered,4,duan_smearing,1.0438091306057027
ridge_no_spatial,spatial_buffered,4,rmse_log,0.38265419904871134
ridge_no_spatial,spatial_buffered,4,mae_log,0.2992778468230989
ridge_no_spatial,spatial_buffered,4,r2,0.12538792946801192
ridge_no_spatial,spatial_buffered,4,medape_pct,23.134822062052585
ridge_no_spatial,spatial_buffered,4,mae_price_gbp,119202.2227248344
ridge_no_spatial,spatial_buffered,4,duan_smearing,1.11111331901697
ridge_spatial,spatial_buffered,4,rmse_log,0.3950078763981053
ridge_spatial,spatial_buffered,4,mae_log,0.3207628096568628
ridge_spatial,spatial_buffered,4,r2,0.06800408055992258
ridge_spatial,spatial_buffered,4,medape_pct,31.08353942102664
ridge_spatial,spatial_buffered,4,mae_price_gbp,185252.24308755147
ridge_spatial,spatial_buffered,4,duan_smearing,1.0822307012487566
lasso_spatial,spatial_buffered,4,rmse_log,0.40033442855742307
lasso_spatial,spatial_buffered,4,mae_log,0.3260642144419246
lasso_spatial,spatial_buffered,4,r2,0.0426992888060318
lasso_spatial,spatial_buffered,4,medape_pct,31.96813588398054
lasso_spatial,spatial_buffered,4,mae_price_gbp,188586.0410689864
lasso_spatial,spatial_buffered,4,duan_smearing,1.0824981868498382
lightgbm,spatial_buffered,4,rmse_log,0.3830213514865798
lightgbm,spatial_buffered,4,mae_log,0.30693961050492136
lightgbm,spatial_buffered,4,r2,0.123708763221973
lightgbm,spatial_buffered,4,medape_pct,29.006959049360436
lightgbm,spatial_buffered,4,mae_price_gbp,168343.68810426092
lightgbm,spatial_buffered,4,duan_smearing,1.0588086300157609
